team,season,seed,win_pct,off_rtg,def_rtg,net_rtg,srs,total_playoff_games,player1vorp,player2vorp,player3vorp,player4vorp,player5vorp,player6vorp,player7vorp,player8vorp,player9vorp,champ_scr
Atlanta Hawks,2014,8,0.463,105.9,106.4,-0.5,-0.88,264,3.0,1.9,1.6,1.2,1.2,0.5,0.4,0.3,0.2,0.2
Boston Celtics,2014,12,0.305,102.9,107.7,-4.8,-4.97,327,1.0,0.5,0.5,0.4,0.3,0.3,0.3,0.2,0.1,0
Brooklyn Nets,2014,6,0.537,106.7,107.7,-1.1,-1.57,518,1.9,1.7,1.4,1.2,1.0,0.8,0.8,0.6,0.4,0.4
Charlotte Hornets,2014,7,0.524,103.6,103.8,-0.2,-0.89,180,3.0,2.4,2.3,0.6,0.4,0.3,0.3,0.2,0.0,0.2
Chicago Bulls,2014,4,0.585,102.5,100.5,2.0,1.2,478,5.2,2.0,1.8,1.7,0.6,0.6,0.3,0.0,-0.1,0.2
Cleveland Cavaliers,2014,10,0.402,104.2,107.7,-3.5,-3.86,178,3.3,1.6,1.6,1.4,1.1,0.3,0.1,0.0,0.0,0
Dallas Mavericks,2014,8,0.598,111.2,108.7,2.5,2.91,416,4.7,2.4,1.6,1.5,1.3,1.3,0.7,0.5,0.3,0.2
Denver Nuggets,2014,11,0.439,106.0,108.2,-2.2,-1.4,195,2.5,1.6,1.6,0.6,0.6,0.5,0.5,0.4,0.2,0
Detroit Pistons,2014,11,0.354,105.9,109.7,-3.8,-4.13,238,2.3,1.4,1.4,0.8,0.3,0.1,0.1,0.0,0.0,0
Golden State Warriors,2014,6,0.622,107.5,102.6,5.0,5.15,289,6.7,2.2,2.2,2.0,1.9,1.8,0.6,0.4,0.2,0.2
Houston Rockets,2014,4,0.659,111.0,106.3,4.7,5.06,217,5.3,2.6,2.3,2.2,1.2,0.9,0.7,0.5,0.5,0.2
Indiana Pacers,2014,1,0.683,104.1,99.3,4.7,3.63,417,5.0,2.9,2.3,2.2,1.0,0.4,0.4,0.2,0.2,0.6
Los Angeles Clippers,2014,3,0.695,112.1,104.8,7.2,7.27,464,5.8,4.7,3.3,1.9,1.8,0.9,0.8,0.2,0.2,0.4
Los Angeles Lakers,2014,14,0.329,104.2,110.6,-6.4,-5.33,592,1.5,1.2,0.7,0.6,0.5,0.3,0.2,0.1,0.1,0
Memphis Grizzlies,2014,7,0.61,106.3,104.6,1.7,2.18,537,3.6,2.5,1.6,1.5,1.3,1.0,1.0,0.5,0.3,0.2
Miami Heat,2014,2,0.659,110.9,105.8,5.2,4.15,1043,7.9,2.2,1.8,1.2,1.1,0.8,0.7,0.4,0.3,0.8
Milwaukee Bucks,2014,15,0.183,103.0,111.8,-8.8,-8.41,136,0.9,0.7,0.4,0.1,0.1,0.1,-0.1,-0.2,-0.2,0
Minnesota Timberwolves,2014,10,0.488,108.9,106.2,2.7,3.1,152,7.7,2.1,1.3,1.2,1.1,0.5,0.4,0.2,0.0,0
New Orleans Pelicans,2014,12,0.415,107.2,110.1,-2.9,-1.98,57,4.0,1.3,0.8,0.7,0.7,0.6,0.4,0.4,0.1,0
New York Knicks,2014,9,0.451,108.3,109.1,-0.9,-1.4,587,5.3,1.1,0.9,0.8,0.4,0.3,0.3,0.2,0.1,0
Oklahoma City Thunder,2014,2,0.72,110.5,103.9,6.6,6.66,700,9.6,2.7,2.5,1.2,0.9,0.8,0.5,0.4,0.2,0.6
Orlando Magic,2014,13,0.28,101.7,107.4,-5.7,-5.88,149,1.1,1.0,0.8,0.6,0.5,0.5,0.3,0.2,-0.2,0
Philadelphia 76ers,2014,14,0.232,99.4,109.9,-10.4,-10.66,84,1.3,0.9,0.0,0.0,0.0,0.0,0.0,-0.3,-0.3,0
Phoenix Suns,2014,9,0.585,109.5,106.7,2.7,3.02,162,4.0,2.0,1.9,1.8,1.6,1.6,1.6,0.3,0.2,0
Portland Trail Blazers,2014,5,0.659,111.5,107.4,4.2,4.44,114,4.0,3.9,2.7,2.7,2.1,0.7,0.1,0.0,-0.1,0.4
Sacramento Kings,2014,13,0.341,105.7,108.8,-3.1,-2.08,196,4.2,3.2,2.4,0.1,0.1,0.0,0.0,-0.1,-0.2,0
San Antonio Spurs,2014,1,0.756,110.5,102.4,8.1,8.0,868,3.5,2.9,2.4,2.3,2.2,1.7,1.6,1.5,0.8,1
Toronto Raptors,2014,3,0.585,108.8,105.3,3.5,2.55,121,4.8,2.8,1.5,1.0,1.0,0.7,0.5,0.4,0.1,0.2
Utah Jazz,2014,15,0.305,103.5,111.3,-7.8,-6.26,176,2.0,1.2,0.9,0.7,0.3,0.3,-0.1,-0.1,-0.1,0
Washington Wizards,2014,5,0.537,106.0,104.6,1.3,0.48,293,3.6,3.0,1.8,1.0,0.9,0.9,0.7,0.7,0.2,0.4
Atlanta Hawks,2015,1,0.732,108.9,103.1,5.8,4.75,381,3.6,3.3,3.0,2.8,2.0,0.8,0.4,0.3,0.2,0.6
Boston Celtics,2015,7,0.488,104.7,104.5,0.2,-0.4,139,2.3,1.3,1.2,1.0,1.0,0.9,0.8,0.7,0.6,0.2
Brooklyn Nets,2015,8,0.463,104.4,107.4,-3.1,-3.13,256,1.6,1.3,1.2,1.1,0.9,0.5,0.2,0.1,0.1,0.2
Charlotte Hornets,2015,11,0.402,100.1,103.5,-3.4,-3.44,205,2.3,1.8,0.6,0.6,0.6,0.5,0.4,0.3,0.1,0
Chicago Bulls,2015,3,0.61,107.5,104.3,3.2,2.54,434,4.2,3.7,2.1,1.8,0.9,0.7,0.6,0.5,0.2,0.4
Cleveland Cavaliers,2015,2,0.646,111.1,106.3,4.8,4.08,784,5.7,4.2,3.0,1.5,0.7,0.4,0.4,0.4,0.3,0.8
Dallas Mavericks,2015,7,0.61,109.5,106.4,3.0,3.36,593,2.7,2.4,2.0,1.4,1.3,1.0,0.7,0.6,0.6,0.2
Denver Nuggets,2015,12,0.366,104.5,108.2,-3.7,-3.07,162,2.8,1.6,1.0,0.9,0.4,0.4,0.2,0.1,0.0,0
Detroit Pistons,2015,12,0.39,105.3,106.4,-1.1,-1.39,351,2.1,1.8,1.6,1.2,0.5,0.5,0.2,0.2,0.2,0
Golden State Warriors,2015,1,0.817,111.6,101.4,10.2,10.01,292,7.9,4.0,3.5,1.8,1.5,1.2,0.7,0.6,0.4,1
Houston Rockets,2015,2,0.683,107.0,103.4,3.5,3.82,370,8.1,2.2,1.6,1.0,0.9,0.8,0.7,0.6,0.5,0.6
Indiana Pacers,2015,9,0.463,103.5,103.2,0.3,-0.23,467,2.3,1.7,1.3,1.2,1.1,0.7,0.6,0.5,0.4,0
Los Angeles Clippers,2015,3,0.683,112.4,105.5,6.9,6.8,501,7.2,3.6,3.5,2.0,1.2,1.0,0.3,0.1,0.0,0.4
Los Angeles Lakers,2015,14,0.256,103.4,110.6,-7.2,-6.17,390,1.6,0.8,0.8,0.7,0.2,0.1,0.1,0.0,0.0,0
Memphis Grizzlies,2015,5,0.671,105.7,102.2,3.5,3.62,568,4.8,2.7,1.9,1.5,1.2,0.9,0.9,0.5,0.4,0.4
Miami Heat,2015,10,0.451,103.9,106.7,-2.8,-2.92,650,2.1,1.8,1.8,1.3,1.2,0.9,0.2,0.1,0.0,0
Milwaukee Bucks,2015,6,0.5,102.7,102.2,0.4,-0.09,123,2.2,1.2,1.1,1.0,1.0,0.8,0.6,0.5,0.3,0.2
Minnesota Timberwolves,2015,15,0.195,102.9,112.2,-9.3,-8.0,179,1.2,0.7,0.6,0.4,0.3,0.2,0.1,0.0,0.0,0
New Orleans Pelicans,2015,8,0.549,108.2,107.3,0.9,1.13,183,6.7,2.2,1.6,0.7,0.5,0.4,0.4,0.3,0.1,0.2
New York Knicks,2015,15,0.207,99.9,110.0,-10.1,-9.49,143,1.8,0.9,0.6,0.2,-0.1,-0.3,-0.3,-0.3,-0.4,0
Oklahoma City Thunder,2015,9,0.549,107.8,105.5,2.3,2.47,385,5.8,2.8,1.7,1.6,0.6,0.6,0.4,0.4,0.3,0
Orlando Magic,2015,13,0.305,101.6,107.7,-6.1,-5.87,112,1.8,1.5,1.1,0.5,0.4,0.2,0.1,-0.1,-0.2,0
Philadelphia 76ers,2015,14,0.22,95.5,104.8,-9.3,-9.04,75,1.3,1.0,0.3,0.2,0.1,0.1,0.0,-0.1,-0.2,0
Phoenix Suns,2015,10,0.476,105.3,106.2,-0.9,-0.38,90,2.9,2.1,1.9,1.4,1.1,1.1,0.6,0.6,0.2,0
Portland Trail Blazers,2015,4,0.622,108.2,103.7,4.5,4.41,234,4.9,3.1,2.6,2.4,0.9,0.6,0.6,0.4,0.4,0.2
Sacramento Kings,2015,13,0.354,105.3,109.2,-3.9,-3.07,217,3.2,2.9,1.6,0.4,0.0,0.0,0.0,0.0,0.0,0
San Antonio Spurs,2015,6,0.671,108.5,102.0,6.5,6.33,1141,4.1,4.0,3.8,1.5,1.2,1.1,0.8,0.4,0.4,0.2
Toronto Raptors,2015,4,0.598,111.0,107.7,3.3,2.45,192,3.1,2.4,2.3,1.5,1.3,0.9,0.6,0.5,0.3,0.2
Utah Jazz,2015,11,0.463,105.1,104.9,0.2,0.71,23,4.0,3.4,2.6,0.7,0.4,0.3,0.3,0.3,0.1,0
Washington Wizards,2015,5,0.561,103.7,103.0,0.8,0.17,463,4.0,2.1,1.7,1.1,0.6,0.5,0.5,0.4,0.3,0.4
Atlanta Hawks,2016,4,0.585,105.1,101.4,3.7,3.49,568,4.1,3.9,1.9,1.3,1.2,0.6,0.6,0.5,0.2,0.4
Boston Celtics,2016,5,0.585,106.8,103.6,3.2,2.83,111,4.2,2.5,1.4,1.4,1.3,1.2,1.1,0.4,0.0,0.2
Brooklyn Nets,2016,14,0.256,103.2,110.9,-7.7,-7.12,100,2.1,1.2,0.4,0.3,0.2,0.1,0.0,0.0,0.0,0
Charlotte Hornets,2016,6,0.585,107.2,104.3,2.8,2.36,199,4.3,2.7,2.0,0.9,0.9,0.6,0.5,0.5,0.4,0.2
Chicago Bulls,2016,9,0.512,105.0,106.5,-1.5,-1.46,414,4.0,3.9,1.5,1.0,0.6,0.2,0.0,-0.1,-0.2,0
Cleveland Cavaliers,2016,1,0.695,110.9,104.5,6.4,5.45,715,7.5,3.3,1.8,1.5,1.2,0.8,0.4,0.3,0.2,1
Dallas Mavericks,2016,6,0.512,106.7,107.0,-0.3,-0.02,471,2.7,1.8,0.9,0.9,0.9,0.7,0.7,0.6,0.5,0.2
Denver Nuggets,2016,10,0.402,105.6,108.9,-3.2,-2.81,236,2.6,2.2,1.7,1.0,0.7,0.4,0.4,0.1,0.0,0
Detroit Pistons,2016,8,0.537,106.1,105.5,0.6,0.43,195,2.8,2.2,2.0,1.3,1.2,0.8,0.6,0.3,0.1,0.2
Golden State Warriors,2016,1,0.89,114.5,103.8,10.7,10.38,551,9.5,5.3,2.5,1.6,1.4,0.9,0.4,0.3,0.3,0.8
Houston Rockets,2016,8,0.5,108.3,108.1,0.2,0.34,518,6.8,1.7,1.2,1.1,0.6,0.3,0.1,0.1,0.0,0.2
Indiana Pacers,2016,7,0.549,104.6,102.9,1.7,1.62,298,4.9,1.7,1.5,1.4,0.9,0.5,0.5,0.2,0.2,0.2
Los Angeles Clippers,2016,4,0.646,108.3,103.8,4.4,4.13,498,6.0,3.2,2.2,1.9,0.9,0.8,0.3,0.3,0.1,0.2
Los Angeles Lakers,2016,15,0.207,101.6,111.6,-10.0,-8.92,475,1.6,0.9,0.2,0.2,0.2,-0.1,-0.2,-0.2,-0.2,0
Memphis Grizzlies,2016,7,0.512,105.4,107.8,-2.4,-2.14,627,2.2,1.7,0.9,0.6,0.4,0.3,0.3,0.3,0.1,0.2
Miami Heat,2016,3,0.585,106.1,104.4,1.7,1.5,644,3.3,2.7,2.2,1.7,1.0,0.6,0.5,0.3,0.1,0.4
Milwaukee Bucks,2016,12,0.402,104.3,108.7,-4.4,-3.98,132,2.9,2.4,1.9,0.5,0.5,0.4,0.1,0.0,0.0,0
Minnesota Timberwolves,2016,13,0.354,106.5,110.1,-3.7,-3.38,263,2.7,2.3,1.5,0.5,0.5,0.3,0.3,-0.1,-0.2,0
New Orleans Pelicans,2016,12,0.366,105.6,109.5,-3.9,-3.56,370,3.2,1.9,0.9,0.7,0.7,0.6,0.3,0.0,0.0,0
New York Knicks,2016,13,0.39,104.6,107.6,-2.9,-2.73,251,3.4,1.5,1.0,0.8,0.7,0.5,0.5,0.2,-0.2,0
Oklahoma City Thunder,2016,3,0.671,113.1,105.6,7.5,7.09,406,7.8,6.8,1.4,1.1,1.0,0.8,0.2,0.2,0.0,0.6
Orlando Magic,2016,11,0.427,105.1,106.8,-1.7,-1.68,93,2.3,2.0,1.4,1.1,0.9,0.4,0.3,0.2,0.2,0
Philadelphia 76ers,2016,15,0.122,98.8,109.2,-10.4,-9.92,87,0.9,0.5,0.5,0.3,0.2,0.1,0.1,0.1,-0.1,0
Phoenix Suns,2016,14,0.28,102.2,109.0,-6.7,-6.32,156,1.4,1.4,0.6,0.6,0.5,0.4,0.4,0.2,0.1,0
Portland Trail Blazers,2016,5,0.537,108.8,108.0,0.9,0.98,92,4.3,2.3,1.9,1.6,1.2,0.5,0.5,0.1,0.1,0.4
Sacramento Kings,2016,10,0.402,106.0,108.4,-2.5,-2.31,263,3.0,1.9,1.2,1.0,1.0,0.4,0.4,0.3,0.0,0
San Antonio Spurs,2016,2,0.817,110.3,99.0,11.3,10.28,1196,6.7,2.5,2.0,1.7,1.6,1.6,1.5,1.2,1.1,0.4
Toronto Raptors,2016,2,0.683,110.0,105.2,4.8,4.08,184,5.7,3.2,1.4,1.0,1.0,0.8,0.5,0.4,0.4,0.6
Utah Jazz,2016,9,0.488,105.9,103.9,1.9,1.84,42,3.3,2.6,2.0,1.7,0.8,0.7,0.5,0.5,0.3,0
Washington Wizards,2016,10,0.5,105.3,105.8,-0.5,-0.5,357,3.9,1.8,1.5,1.0,1.0,0.7,0.6,0.4,0.1,0
Atlanta Hawks,2017,5,0.524,104.9,105.7,-0.9,-1.23,431,2.4,1.9,1.4,1.3,1.1,1.0,1.0,0.5,0.1,0.2
Boston Celtics,2017,1,0.646,111.2,108.4,2.7,2.25,222,5.6,3.0,1.7,1.1,0.9,0.7,0.4,0.2,0.1,0.6
Brooklyn Nets,2017,15,0.244,104.1,110.7,-6.6,-6.74,77,2.4,0.9,0.6,0.4,0.4,0.3,0.3,0.2,0.0,0
Charlotte Hornets,2017,11,0.439,108.8,108.6,0.2,-0.07,219,4.2,1.9,1.1,1.0,0.7,0.7,0.4,0.4,0.1,0
Chicago Bulls,2017,8,0.5,107.4,107.0,0.4,0.03,329,6.6,2.1,1.1,0.7,0.6,0.3,0.1,0.0,-0.1,0.2
Cleveland Cavaliers,2017,2,0.622,113.6,110.3,3.3,2.87,980,6.7,3.4,1.9,1.1,0.9,0.7,0.2,0.1,0.1,0.8
Dallas Mavericks,2017,11,0.402,105.6,108.8,-3.2,-2.52,372,1.7,1.2,1.0,1.0,0.8,0.8,0.7,0.4,0.3,0
Denver Nuggets,2017,9,0.488,113.2,112.7,0.5,0.7,289,4.8,2.2,1.9,1.2,1.0,0.7,0.5,0.4,0.3,0
Detroit Pistons,2017,10,0.451,106.0,107.1,-1.2,-1.29,166,2.3,1.8,1.1,1.1,1.0,0.6,0.6,0.4,0.3,0
Golden State Warriors,2017,1,0.817,115.6,104.0,11.6,11.35,698,5.9,5.7,4.3,2.3,1.9,1.0,0.8,0.6,0.3,1
Houston Rockets,2017,3,0.671,114.7,109.0,5.7,5.84,326,8.0,3.0,2.1,1.6,1.2,1.1,0.9,0.8,0.8,0.4
Indiana Pacers,2017,7,0.512,108.6,108.8,-0.2,-0.64,370,3.4,2.8,2.0,1.4,1.1,0.6,0.1,0.1,-0.1,0.2
Los Angeles Clippers,2017,4,0.622,112.7,108.2,4.5,4.42,599,5.2,3.5,3.5,1.4,0.9,0.8,0.4,0.3,0.0,0.2
Los Angeles Lakers,2017,14,0.317,106.0,113.0,-7.0,-6.29,255,1.0,0.7,0.6,0.6,0.0,0.0,0.0,0.0,-0.2,0
Memphis Grizzlies,2017,7,0.524,107.7,107.1,0.5,0.96,403,5.1,4.6,1.3,0.7,0.6,0.5,0.4,0.3,0.0,0.2
Miami Heat,2017,9,0.5,107.8,106.7,1.1,0.77,372,2.9,2.5,2.2,1.8,0.7,0.7,0.4,0.3,0.0,0
Milwaukee Bucks,2017,6,0.512,109.1,109.3,-0.2,-0.45,261,6.7,1.7,1.2,0.8,0.5,0.4,0.4,0.3,0.2,0.2
Minnesota Timberwolves,2017,13,0.378,110.8,112.0,-1.2,-0.64,53,5.2,1.8,1.3,0.9,0.4,0.2,0.2,0.1,0.0,0
New Orleans Pelicans,2017,10,0.415,105.2,107.4,-2.1,-1.69,149,5.5,5.4,1.8,0.4,0.2,0.2,-0.1,-0.1,-0.1,0
New York Knicks,2017,12,0.378,107.7,111.5,-3.8,-3.87,287,1.7,1.3,1.2,0.7,0.7,0.6,0.5,0.4,0.0,0
Oklahoma City Thunder,2017,6,0.573,108.3,107.5,0.8,1.14,382,9.3,1.4,1.1,0.8,0.6,0.3,0.2,0.1,0.1,0.2
Orlando Magic,2017,13,0.354,103.7,110.5,-6.7,-6.61,193,1.9,1.7,0.9,0.6,0.4,0.1,0.0,-0.2,-0.2,0
Philadelphia 76ers,2017,14,0.341,103.2,108.9,-5.7,-5.83,119,1.3,1.1,0.9,0.5,0.2,0.2,0.0,0.0,0.0,0
Phoenix Suns,2017,15,0.293,106.6,112.2,-5.6,-5.14,268,3.1,0.8,0.7,0.3,0.1,0.1,0.0,0.0,-0.1,0
Portland Trail Blazers,2017,8,0.5,110.3,110.8,-0.5,-0.23,231,4.8,2.8,0.8,0.4,0.4,0.4,0.2,0.1,0.0,0.2
Sacramento Kings,2017,12,0.39,107.3,111.3,-4.0,-3.29,176,1.0,0.6,0.5,0.5,0.4,0.4,0.3,0.0,0.0,0
San Antonio Spurs,2017,2,0.744,111.1,103.5,7.6,7.13,889,7.1,2.5,1.7,1.6,1.4,1.3,1.1,1.0,0.9,0.6
Toronto Raptors,2017,3,0.622,112.3,107.8,4.4,3.65,356,4.6,3.3,1.2,1.2,1.1,1.0,1.0,0.8,0.5,0.4
Utah Jazz,2017,5,0.622,109.6,105.3,4.3,4.0,317,4.5,4.4,2.3,1.8,1.1,0.6,0.4,0.4,0.2,0.4
Washington Wizards,2017,4,0.598,111.2,109.3,1.8,1.36,204,4.8,3.5,3.5,0.8,0.3,0.1,0.1,0.0,0.0,0.4
Atlanta Hawks,2018,15,0.293,105.0,110.6,-5.5,-5.3,125,1.2,0.8,0.8,0.7,0.6,0.6,0.0,0.0,0.0,0
Boston Celtics,2018,2,0.671,107.6,103.9,3.7,3.23,264,4.5,3.7,2.1,2.0,1.1,0.8,0.7,0.5,0.3,0.6
Brooklyn Nets,2018,12,0.341,106.9,110.6,-3.8,-3.67,154,1.5,1.2,1.0,1.0,0.7,0.6,0.5,0.3,0.1,0
Charlotte Hornets,2018,10,0.439,109.4,109.1,0.3,0.07,245,4.2,1.8,1.5,1.2,1.2,0.8,0.4,0.1,0.1,0
Chicago Bulls,2018,13,0.329,103.8,110.9,-7.1,-6.84,118,1.2,0.9,0.5,0.3,0.3,0.2,0.2,0.0,-0.1,0
Cleveland Cavaliers,2018,4,0.61,112.9,111.9,1.0,0.59,835,8.2,2.2,1.6,1.0,0.9,0.8,0.6,0.2,0.1,0.8
Dallas Mavericks,2018,13,0.293,106.3,109.5,-3.2,-2.7,310,2.1,1.5,1.3,1.0,0.6,0.5,0.5,0.4,0.3,0
Denver Nuggets,2018,9,0.561,112.5,111.0,1.5,1.57,378,5.5,2.1,1.7,1.1,1.1,0.9,0.7,0.1,0.1,0
Detroit Pistons,2018,9,0.476,107.2,107.3,-0.2,-0.26,131,3.4,2.7,1.3,1.2,1.0,0.5,0.5,0.5,0.5,0
Golden State Warriors,2018,2,0.707,113.6,107.7,6.0,5.79,764,5.5,4.0,2.8,1.3,1.0,1.0,0.7,0.5,0.5,1
Houston Rockets,2018,1,0.793,114.7,106.1,8.7,8.21,597,7.7,4.2,2.8,1.5,1.3,0.9,0.7,0.5,0.5,0.6
Indiana Pacers,2018,5,0.585,109.5,108.1,1.4,1.18,264,5.0,2.4,1.4,0.8,0.8,0.5,0.4,0.4,0.3,0.2
Los Angeles Clippers,2018,10,0.512,110.3,110.2,0.0,0.15,242,2.8,2.6,2.1,1.7,0.5,0.4,0.4,0.3,0.2,0
Los Angeles Lakers,2018,11,0.427,106.5,108.0,-1.5,-1.44,185,1.4,1.4,1.3,1.3,0.8,0.7,0.4,0.3,0.1,0
Memphis Grizzlies,2018,14,0.268,104.5,111.0,-6.5,-5.81,271,2.7,2.6,0.5,0.4,0.2,0.2,0.1,0.1,0.0,0
Miami Heat,2018,6,0.537,106.8,106.3,0.5,0.15,460,1.9,1.8,1.7,1.6,1.4,1.2,0.9,0.6,0.4,0.2
Milwaukee Bucks,2018,7,0.537,109.8,110.1,-0.3,-0.45,300,5.7,2.6,1.5,0.5,0.3,0.2,0.2,0.0,0.0,0.2
Minnesota Timberwolves,2018,8,0.573,113.4,111.1,2.3,2.35,324,5.2,4.2,1.4,1.1,1.0,0.7,0.3,0.0,0.0,0.2
New Orleans Pelicans,2018,6,0.585,109.6,108.3,1.3,1.48,192,5.9,2.9,2.7,1.6,0.7,0.3,0.1,0.1,0.1,0.4
New York Knicks,2018,11,0.354,107.1,110.7,-3.6,-3.53,209,1.9,1.8,1.5,1.0,0.9,0.7,0.7,0.2,0.2,0
Oklahoma City Thunder,2018,4,0.585,110.7,107.2,3.5,3.42,512,6.1,3.6,2.0,1.0,0.6,0.5,0.5,0.2,0.1,0.2
Orlando Magic,2018,14,0.305,105.2,110.1,-4.9,-4.92,230,2.0,1.1,0.8,0.7,0.6,0.2,0.2,0.1,0.1,0
Philadelphia 76ers,2018,3,0.634,109.5,105.0,4.5,4.3,235,4.5,2.6,2.3,1.9,1.7,0.9,0.9,0.8,0.6,0.4
Phoenix Suns,2018,15,0.256,103.5,112.9,-9.3,-8.8,118,1.4,0.8,0.8,0.7,0.2,0.1,0.0,0.0,-0.1,0
Portland Trail Blazers,2018,3,0.598,109.1,106.4,2.7,2.6,195,6.3,2.4,1.3,1.1,1.1,1.0,0.5,0.3,0.1,0.2
Sacramento Kings,2018,12,0.329,103.7,111.1,-7.3,-6.59,286,1.5,1.0,0.6,0.4,0.3,0.2,0.1,0.0,-0.1,0
San Antonio Spurs,2018,7,0.573,107.9,104.8,3.0,2.89,950,3.7,2.5,2.4,1.1,1.1,1.0,0.9,0.6,0.5,0.2
Toronto Raptors,2018,1,0.72,113.8,105.9,7.9,7.29,325,4.5,3.2,1.9,1.9,1.7,1.4,1.0,0.9,0.8,0.4
Utah Jazz,2018,5,0.585,108.4,103.9,4.5,4.47,210,2.8,2.5,2.2,1.9,1.6,1.1,0.9,0.6,0.5,0.4
Washington Wizards,2018,8,0.524,109.3,108.7,0.6,0.53,399,3.4,3.1,1.8,1.3,0.8,0.4,0.3,0.2,0.2,0.2
Atlanta Hawks,2019,12,0.354,108.1,113.9,-5.7,-6.06,163,1.3,1.0,0.9,0.5,0.3,0.2,0.2,0.0,0.0,0
Boston Celtics,2019,4,0.598,112.2,107.8,4.4,3.9,418,5.1,3.6,1.5,1.3,1.1,0.8,0.6,0.5,0.3,0.4
Brooklyn Nets,2019,7,0.512,109.6,109.7,-0.1,-0.4,146,3.4,1.9,1.4,1.3,0.9,0.7,0.6,0.2,0.1,0.2
Charlotte Hornets,2019,9,0.476,111.4,112.5,-1.1,-1.32,414,4.4,1.8,1.0,0.9,0.7,0.5,0.4,0.4,0.0,0
Chicago Bulls,2019,13,0.268,104.8,113.2,-8.4,-8.32,75,1.5,1.2,0.7,0.2,0.2,0.1,0.1,0.0,0.0,0
Cleveland Cavaliers,2019,14,0.232,107.7,117.6,-9.9,-9.39,447,2.0,0.8,0.6,0.4,0.0,0.0,-0.1,-0.1,-0.2,0
Dallas Mavericks,2019,14,0.402,109.4,110.7,-1.3,-0.86,336,3.4,2.1,0.9,0.6,0.3,0.3,0.3,0.2,0.1,0
Denver Nuggets,2019,2,0.659,113.0,108.9,4.0,4.19,148,7.0,1.8,1.8,1.7,1.6,1.0,0.3,0.2,0.0,0.4
Detroit Pistons,2019,8,0.5,109.0,109.2,-0.2,-0.56,201,4.7,2.7,1.4,0.7,0.3,0.2,0.2,0.2,0.0,0.2
Golden State Warriors,2019,1,0.695,115.9,109.5,6.4,6.42,801,5.1,5.1,1.8,1.5,1.2,1.0,0.9,0.4,0.3,0.8
Houston Rockets,2019,3,0.646,115.5,110.7,4.8,4.96,552,9.3,2.8,2.8,1.0,0.4,0.4,0.3,0.2,0.1,0.4
Indiana Pacers,2019,5,0.585,109.9,106.5,3.4,2.76,271,2.4,2.4,2.2,2.1,1.7,1.4,0.9,0.2,0.2,0.2
Los Angeles Clippers,2019,8,0.585,112.4,111.5,0.8,1.09,147,3.3,2.9,2.1,1.5,0.8,0.4,0.2,0.1,0.0,0.2
Los Angeles Lakers,2019,10,0.451,107.8,109.5,-1.7,-1.33,529,4.9,1.4,0.8,0.6,0.4,0.4,0.3,0.3,0.2,0
Memphis Grizzlies,2019,12,0.402,106.1,108.8,-2.7,-2.08,343,3.9,1.5,1.3,0.9,0.7,0.7,0.2,0.1,0.1,0
Miami Heat,2019,10,0.476,107.3,107.6,-0.2,-0.45,535,1.8,1.8,1.5,1.2,1.2,0.7,0.4,0.3,0.2,0
Milwaukee Bucks,2019,1,0.732,113.8,105.2,8.5,8.04,434,7.4,2.9,2.4,1.9,1.7,1.1,1.0,0.5,0.4,0.6
Minnesota Timberwolves,2019,11,0.439,111.4,112.9,-1.5,-1.02,327,5.1,1.2,1.1,0.8,0.7,0.6,0.5,0.2,0.2,0
New Orleans Pelicans,2019,13,0.402,111.4,112.6,-1.3,-1.1,142,5.3,3.1,2.0,0.2,0.2,0.1,0.1,0.0,0.0,0
New York Knicks,2019,15,0.207,104.5,113.7,-9.2,-8.93,75,2.1,1.6,0.8,0.6,0.3,0.0,0.0,0.0,0.0,0
Oklahoma City Thunder,2019,6,0.598,110.3,107.0,3.3,3.56,403,6.6,4.7,2.1,1.5,1.1,0.1,0.0,0.0,-0.1,0.2
Orlando Magic,2019,6,0.512,108.9,108.1,0.7,0.28,128,5.5,1.7,1.5,1.4,0.8,0.5,0.3,0.1,0.1,0.2
Philadelphia 76ers,2019,3,0.622,112.6,110.0,2.6,2.25,310,3.8,3.8,3.2,2.6,1.3,0.9,0.4,0.2,0.1,0.4
Phoenix Suns,2019,15,0.232,105.9,115.1,-9.2,-8.61,119,1.7,1.2,0.8,0.6,0.6,0.4,0.3,0.0,-0.1,0
Portland Trail Blazers,2019,4,0.646,114.7,110.5,4.2,4.43,234,6.0,2.8,1.8,1.5,1.2,1.0,0.8,0.5,0.3,0.6
Sacramento Kings,2019,9,0.476,110.4,111.5,-1.1,-0.81,171,2.7,2.3,1.8,1.3,0.7,0.4,0.4,0.3,0.2,0
San Antonio Spurs,2019,7,0.585,112.9,111.2,1.7,1.8,382,2.6,2.2,1.6,1.4,1.3,1.3,0.8,0.5,0.3,0.2
Toronto Raptors,2019,2,0.707,113.1,107.1,6.0,5.49,541,4.7,3.1,2.8,2.4,2.2,1.2,1.1,0.4,0.2,1
Utah Jazz,2019,5,0.61,110.9,105.7,5.2,5.28,412,4.8,2.4,2.2,2.2,1.2,0.9,0.6,0.5,0.5,0.2
Washington Wizards,2019,11,0.39,111.1,113.9,-2.8,-3.3,445,3.7,1.5,0.8,0.7,0.4,0.3,0.2,0.1,0.1,0
Atlanta Hawks,2020,14,0.299,107.2,114.8,-7.6,-7.71,252,3.1,1.7,0.2,0.2,0.1,0.0,-0.1,-0.1,-0.4,0
Boston Celtics,2020,3,0.667,113.3,107.0,6.3,5.83,232,3.4,2.9,2.0,1.7,1.6,1.4,0.9,0.7,0.5,0.6
Brooklyn Nets,2020,7,0.486,108.9,109.5,-0.6,-1.01,433,2.0,1.9,1.6,1.5,1.0,0.5,0.4,0.1,0.1,0.2
Charlotte Hornets,2020,9,0.354,106.3,113.3,-7.0,-7.03,123,1.4,0.8,0.5,0.2,0.2,0.1,0.0,0.0,-0.1,0
Chicago Bulls,2020,11,0.338,106.7,109.8,-3.1,-4.0,108,2.4,0.6,0.5,0.4,0.4,0.3,0.3,0.2,0.1,0
Cleveland Cavaliers,2020,15,0.292,107.5,115.4,-7.9,-7.77,282,1.8,1.4,1.4,0.2,0.1,0.0,0.0,-0.1,-0.1,0
Dallas Mavericks,2020,7,0.573,116.7,111.7,4.9,4.87,189,5.4,1.8,1.5,1.2,1.1,1.0,0.9,0.9,0.7,0.2
Denver Nuggets,2020,3,0.63,113.1,111.0,2.1,2.35,273,5.5,1.5,1.5,1.1,0.8,0.7,0.7,0.7,0.1,0.6
Detroit Pistons,2020,13,0.303,109.0,112.7,-3.6,-4.38,131,1.7,1.4,0.5,0.4,0.4,0.3,0.1,0.1,0.1,0
Golden State Warriors,2020,15,0.231,105.2,113.8,-8.6,-8.12,405,0.8,0.8,0.5,0.2,0.0,-0.1,-0.1,-0.2,-0.2,0
Houston Rockets,2020,4,0.611,112.9,110.1,2.8,3.13,672,7.3,1.8,1.1,0.6,0.6,0.5,0.1,0.1,0.1,0.4
Indiana Pacers,2020,4,0.616,110.0,108.0,2.0,1.63,126,2.9,1.7,1.6,1.5,1.0,0.8,0.7,0.5,0.2,0.2
Los Angeles Clippers,2020,2,0.681,113.9,107.6,6.3,6.66,502,5.1,2.5,2.2,1.6,1.4,1.3,0.9,0.5,0.5,0.4
Los Angeles Lakers,2020,1,0.732,112.0,106.3,5.7,6.28,876,6.1,5.4,1.1,1.0,0.7,0.5,0.5,0.2,0.1,1
Memphis Grizzlies,2020,9,0.466,109.2,110.3,-1.0,-0.91,115,2.0,1.7,1.2,1.0,1.0,0.9,0.8,0.5,0.3,0
Miami Heat,2020,5,0.603,112.5,109.5,3.0,2.59,511,3.7,3.3,1.3,1.0,1.0,0.9,0.8,0.3,0.2,0.8
Milwaukee Bucks,2020,1,0.767,112.4,102.9,9.5,9.41,590,6.6,2.9,1.9,1.6,1.6,1.3,0.8,0.6,0.5,0.4
Minnesota Timberwolves,2020,14,0.297,108.1,112.2,-4.1,-4.01,135,2.9,1.4,0.3,0.3,0.0,0.0,-0.1,-0.1,-0.2,0
New Orleans Pelicans,2020,13,0.417,110.7,111.9,-1.2,-0.55,205,2.2,2.0,1.3,1.1,0.9,0.7,0.6,0.5,0.2,0
New York Knicks,2020,12,0.318,106.5,113.0,-6.5,-6.72,123,1.8,0.9,0.6,0.5,0.3,0.2,0.1,-0.1,-0.1,0
Oklahoma City Thunder,2020,5,0.611,110.8,108.8,2.0,2.33,299,3.5,2.4,2.2,2.1,1.5,1.0,0.3,0.2,0.1,0.2
Orlando Magic,2020,8,0.452,108.5,109.5,-1.0,-0.93,185,3.1,1.6,1.1,1.0,0.8,0.5,0.5,0.2,0.1,0.2
Philadelphia 76ers,2020,6,0.589,111.3,109.0,2.4,2.25,297,2.8,2.5,2.2,1.8,1.1,0.8,0.3,0.2,0.1,0.2
Phoenix Suns,2020,10,0.466,111.7,111.4,0.2,0.56,118,2.6,1.5,1.5,0.7,0.7,0.7,0.7,0.6,0.3,0
Portland Trail Blazers,2020,8,0.473,113.7,114.8,-1.1,-0.61,361,5.9,2.6,1.6,0.6,0.6,0.2,0.2,0.0,-0.1,0.2
Sacramento Kings,2020,12,0.431,110.2,112.2,-2.0,-1.58,249,1.9,1.7,1.6,1.2,0.9,0.5,0.5,0.3,0.1,0
San Antonio Spurs,2020,11,0.451,112.4,113.5,-1.1,-0.65,405,2.3,1.5,1.4,1.3,1.0,0.8,0.4,0.3,0.3,0
Toronto Raptors,2020,2,0.736,111.1,105.0,6.1,5.97,493,2.8,2.3,2.0,1.7,1.5,1.1,0.8,0.8,0.8,0.4
Utah Jazz,2020,6,0.611,112.3,109.9,2.5,2.52,228,3.3,2.3,1.5,1.5,1.3,1.1,0.8,0.6,0.4,0.2
Washington Wizards,2020,10,0.347,110.9,115.5,-4.5,-5.24,203,2.5,1.2,1.1,0.3,0.3,0.3,0.1,0.0,0.0,0
Atlanta Hawks,2021,5,0.569,115.7,113.3,2.4,2.14,219,3.0,2.2,2.0,1.8,1.0,1.0,0.5,0.4,0.3,0.6
Boston Celtics,2021,7,0.5,114.0,112.5,1.5,1.31,375,3.4,2.3,2.0,1.4,1.0,0.7,0.4,0.3,0.1,0.2
Brooklyn Nets,2021,2,0.667,118.3,113.8,4.5,4.24,522,3.7,3.6,2.7,1.3,0.9,0.7,0.5,0.4,0.3,0.4
Charlotte Hornets,2021,10,0.458,110.9,112.8,-2.0,-1.94,134,2.2,1.4,1.4,1.1,1.1,0.6,0.4,0.0,0.0,0
Chicago Bulls,2021,11,0.431,111.1,112.0,-0.9,-0.94,183,4.4,3.1,2.2,0.8,0.7,0.5,0.2,0.1,0.0,0
Cleveland Cavaliers,2021,13,0.306,105.8,114.4,-8.6,-8.19,169,1.4,1.0,0.7,0.3,0.2,0.2,0.0,0.0,-0.1,0
Dallas Mavericks,2021,5,0.583,115.4,113.0,2.3,2.26,214,5.1,1.4,1.2,1.2,1.0,0.7,0.6,0.2,0.1,0.2
Denver Nuggets,2021,3,0.653,117.1,112.1,5.0,4.82,415,8.8,2.5,1.7,0.9,0.7,0.5,0.5,0.1,0.1,0.4
Detroit Pistons,2021,15,0.278,108.0,112.5,-4.5,-4.38,201,1.6,1.4,0.7,0.5,0.3,0.3,0.1,0.1,0.1,0
Golden State Warriors,2021,8,0.542,111.1,110.1,1.0,1.1,496,5.8,1.9,1.0,0.8,0.6,0.4,0.3,0.2,0.1,0
Houston Rockets,2021,15,0.236,107.1,114.9,-7.8,-7.5,276,1.6,1.1,0.4,0.3,0.2,0.2,0.2,0.1,0.0,0
Indiana Pacers,2021,9,0.472,112.4,112.4,0.0,-0.12,151,3.3,2.0,1.5,0.9,0.9,0.7,0.6,0.6,0.3,0
Los Angeles Clippers,2021,4,0.653,117.6,111.2,6.4,6.02,720,4.2,2.9,1.9,1.2,0.9,0.8,0.8,0.6,0.6,0.6
Los Angeles Lakers,2021,7,0.583,109.9,107.1,2.8,2.77,703,3.8,2.0,2.0,1.1,0.8,0.7,0.6,0.4,0.3,0.2
Memphis Grizzlies,2021,9,0.528,112.0,111.0,1.0,1.07,112,2.5,2.2,1.3,1.1,0.9,0.8,0.6,0.5,0.5,0.2
Miami Heat,2021,6,0.556,111.2,111.2,0.0,-0.06,658,4.3,3.7,0.6,0.6,0.5,0.3,0.2,0.2,0.1,0.2
Milwaukee Bucks,2021,3,0.639,117.2,111.4,5.7,5.57,354,5.6,2.6,1.9,1.2,1.0,0.9,0.8,0.2,0.1,1
Minnesota Timberwolves,2021,13,0.319,109.5,115.0,-5.4,-5.25,85,2.8,1.1,0.6,0.6,0.5,0.1,0.0,0.0,0.0,0
New Orleans Pelicans,2021,11,0.431,113.5,113.8,-0.3,-0.2,159,4.0,2.2,1.6,0.7,0.6,0.4,0.4,0.2,0.2,0
New York Knicks,2021,4,0.569,110.6,108.2,2.4,2.13,149,3.9,1.3,1.3,1.1,0.9,0.9,0.8,0.7,0.5,0.2
Oklahoma City Thunder,2021,14,0.306,103.5,114.0,-10.5,-10.13,189,1.8,1.1,0.6,0.4,0.3,0.3,0.1,0.0,-0.1,0
Orlando Magic,2021,14,0.292,105.1,114.5,-9.4,-9.02,155,0.4,0.3,0.2,0.1,-0.1,-0.1,-0.1,-0.1,-0.2,0
Philadelphia 76ers,2021,1,0.681,113.2,107.6,5.6,5.28,563,3.8,2.9,2.3,1.9,1.3,0.7,0.5,0.1,0.1,0.4
Phoenix Suns,2021,2,0.708,117.2,111.3,5.9,5.67,284,3.6,3.1,1.7,1.4,1.3,1.3,0.7,0.6,0.5,0.8
Portland Trail Blazers,2021,6,0.583,117.8,116.0,1.8,1.8,391,5.0,2.4,1.3,1.2,1.2,1.0,0.4,0.3,0.2,0.2
Sacramento Kings,2021,12,0.431,113.6,117.2,-3.7,-3.45,170,2.0,1.8,1.5,1.2,1.1,0.9,0.1,0.1,0.1,0
San Antonio Spurs,2021,10,0.458,111.0,112.8,-1.7,-1.58,236,2.6,1.5,1.3,0.9,0.7,0.6,0.4,0.4,0.2,0
Toronto Raptors,2021,12,0.375,112.0,112.5,-0.5,-0.54,344,2.2,2.0,1.5,1.4,1.2,0.4,0.2,0.1,0.1,0
Utah Jazz,2021,1,0.722,117.6,108.3,9.3,8.96,332,3.8,2.8,2.6,2.6,1.7,1.6,1.2,0.9,0.1,0.4
Washington Wizards,2021,8,0.472,111.2,113.0,-1.7,-1.84,236,3.4,2.9,0.8,0.5,0.5,0.4,0.4,0.2,0.1,0.2
Atlanta Hawks,2022,9,0.524,116.5,114.9,1.6,1.55,360,4.8,2.1,1.6,1.5,1.5,0.8,0.7,0.4,0.4,0.2
Boston Celtics,2022,2,0.622,114.4,106.9,7.5,7.02,398,4.8,3.4,3.2,2.2,1.6,1.5,1.0,0.8,0.2,0.8
Brooklyn Nets,2022,7,0.537,113.6,112.8,0.8,0.82,573,4.8,1.4,1.2,1.2,0.8,0.7,0.6,0.3,0.1,0.2
Charlotte Hornets,2022,10,0.524,114.1,113.7,0.4,0.53,212,3.3,2.5,2.4,2.3,0.9,0.9,0.7,0.5,0.3,0
Chicago Bulls,2022,6,0.561,113.2,113.6,-0.4,-0.38,218,3.1,2.6,1.8,1.4,0.8,0.6,0.2,0.1,0.0,0.2
Cleveland Cavaliers,2022,8,0.537,111.9,109.7,2.2,2.04,236,2.8,2.7,2.7,1.5,1.1,0.8,0.4,0.4,0.1,0
Dallas Mavericks,2022,4,0.634,112.8,109.4,3.5,3.12,190,5.9,1.9,1.9,1.3,1.1,0.6,0.6,0.3,0.3,0.6
Denver Nuggets,2022,6,0.585,114.5,112.1,2.3,2.15,443,9.8,1.1,0.9,0.9,0.5,0.4,0.3,0.1,0.0,0.2
Detroit Pistons,2022,14,0.28,106.0,113.8,-7.8,-7.36,180,1.2,1.2,0.7,0.5,0.2,0.2,0.1,0.0,0.0,0
Golden State Warriors,2022,3,0.646,112.5,106.9,5.6,5.52,623,4.4,1.8,1.8,1.8,1.7,1.4,1.3,1.0,0.7,1
Houston Rockets,2022,15,0.244,108.4,116.7,-8.4,-8.26,153,1.9,0.4,0.4,0.2,0.2,0.1,0.1,0.1,0.1,0
Indiana Pacers,2022,13,0.305,112.6,116.1,-3.5,-3.26,150,3.1,1.3,1.1,0.5,0.5,0.3,0.2,0.2,0.0,0
Los Angeles Clippers,2022,8,0.512,110.1,110.1,0.0,0.09,685,2.0,1.6,1.6,1.3,1.2,1.1,0.8,0.7,0.6,0
Los Angeles Lakers,2022,11,0.402,110.3,113.3,-3.0,-3.08,789,5.1,2.0,0.8,0.7,0.4,0.2,0.1,0.0,0.0,0
Memphis Grizzlies,2022,2,0.683,114.6,109.0,5.6,5.37,134,3.9,2.7,2.0,2.0,1.6,1.4,1.2,1.2,1.0,0.4
Miami Heat,2022,1,0.646,113.7,109.1,4.6,4.23,562,4.0,2.7,2.1,1.5,1.3,1.2,1.1,0.7,0.3,0.6
Milwaukee Bucks,2022,3,0.622,115.1,111.8,3.3,3.22,702,7.4,2.9,1.9,1.4,1.1,1.1,0.2,0.1,0.1,0.4
Minnesota Timberwolves,2022,7,0.561,114.3,111.7,2.6,2.53,134,4.4,2.0,1.7,1.4,1.1,0.7,0.7,0.6,0.6,0.2
New Orleans Pelicans,2022,9,0.439,112.0,113.0,-1.0,-0.84,209,2.2,2.1,1.9,0.9,0.8,0.8,0.5,0.5,0.5,0.2
New York Knicks,2022,11,0.451,110.4,110.5,-0.1,-0.01,235,2.0,1.7,1.6,1.2,1.0,0.7,0.7,0.6,0.3,0
Oklahoma City Thunder,2022,14,0.293,104.6,112.8,-8.2,-7.9,100,2.7,1.1,0.6,0.5,0.5,0.1,0.1,0.0,-0.1,0
Orlando Magic,2022,15,0.268,104.5,112.5,-8.0,-7.67,89,1.7,1.2,0.9,0.8,0.8,0.4,0.2,0.0,-0.2,0
Philadelphia 76ers,2022,4,0.622,113.5,110.8,2.7,2.57,637,6.5,3.7,1.8,1.3,1.3,0.5,0.3,0.2,0.1,0.4
Phoenix Suns,2022,1,0.78,114.8,107.3,7.5,6.94,547,4.0,3.6,2.6,2.1,2.1,1.5,0.8,0.7,0.3,0.4
Portland Trail Blazers,2022,13,0.329,107.8,116.9,-9.0,-8.55,250,1.3,0.9,0.9,0.5,0.2,0.2,0.1,0.1,-0.1,0
Sacramento Kings,2022,12,0.366,109.9,115.3,-5.4,-5.26,177,3.2,1.4,0.7,0.7,0.6,0.4,0.3,0.2,0.2,0
San Antonio Spurs,2022,10,0.415,112.4,112.3,0.1,0.02,125,4.4,1.7,0.9,0.9,0.7,0.4,0.2,0.2,0.2,0
Toronto Raptors,2022,5,0.585,112.9,110.5,2.4,2.38,198,3.6,3.5,1.9,1.3,1.1,0.9,0.9,0.2,0.1,0.2
Utah Jazz,2022,5,0.598,116.7,110.5,6.2,5.67,320,3.6,3.6,2.7,1.7,1.2,1.1,0.7,0.3,0.3,0.2
Washington Wizards,2022,12,0.427,111.1,114.5,-3.5,-3.23,189,2.2,1.3,1.0,1.0,0.3,0.1,0.1,0.1,0.0,0
Atlanta Hawks,2023,8,0.5,116.6,116.3,0.3,0.32,224,3.4,2.1,1.8,1.3,0.9,0.9,0.6,0.4,0.4,0.2
Boston Celtics,2023,2,0.695,118.0,111.5,6.5,6.38,657,5.1,2.6,2.5,2.1,2.0,1.1,1.0,0.6,0.5,0.6
Brooklyn Nets,2023,6,0.549,115.0,114.1,0.9,1.03,381,2.9,2.8,1.8,1.4,0.7,0.5,0.3,0.3,0.0,0.2
Charlotte Hornets,2023,14,0.329,109.2,115.3,-6.1,-5.89,100,1.4,0.8,0.4,0.4,0.3,0.2,0.2,0.2,0.0,0
Chicago Bulls,2023,10,0.488,113.5,112.2,1.3,1.37,239,3.2,2.7,2.6,1.2,0.5,0.4,0.4,0.3,0.3,0
Cleveland Cavaliers,2023,4,0.622,116.1,110.6,5.6,5.23,325,5.0,2.7,2.5,2.4,1.0,0.7,0.5,0.3,0.2,0.2
Dallas Mavericks,2023,11,0.463,116.8,116.7,0.1,-0.14,432,6.6,3.5,1.6,0.3,0.1,0.1,0.0,0.0,-0.1,0
Denver Nuggets,2023,1,0.646,117.6,114.2,3.4,3.04,425,8.8,2.1,1.8,1.0,0.9,0.7,0.6,0.0,0.0,1
Detroit Pistons,2023,15,0.207,110.7,118.9,-8.2,-7.73,163,1.4,0.9,0.5,0.3,0.2,0.1,0.1,0.1,0.0,0
Golden State Warriors,2023,6,0.537,116.1,114.4,1.8,1.66,815,4.7,2.0,1.6,1.3,1.0,0.5,0.3,0.3,0.3,0.4
Houston Rockets,2023,14,0.268,111.4,119.3,-7.9,-7.62,92,1.9,1.3,0.7,0.3,0.2,0.2,0.1,0.0,0.0,0
Indiana Pacers,2023,11,0.427,114.6,117.7,-3.1,-2.9,295,4.4,2.4,1.9,1.0,0.3,0.1,0.0,0.0,0.0,0
Los Angeles Clippers,2023,5,0.537,115.0,114.5,0.5,0.31,776,3.5,2.3,2.2,1.2,1.0,0.9,0.8,0.7,0.6,0.2
Los Angeles Lakers,2023,7,0.524,114.5,113.9,0.6,0.43,512,4.0,4.0,2.0,1.5,1.2,0.5,0.5,0.2,0.0,0.6
Memphis Grizzlies,2023,2,0.622,115.1,111.2,3.9,3.6,215,3.8,2.5,2.2,1.7,1.3,1.2,1.1,0.9,0.8,0.2
Miami Heat,2023,7,0.537,113.0,113.3,-0.3,-0.13,656,5.8,2.3,1.6,0.9,0.8,0.4,0.2,0.2,0.0,0.8
Milwaukee Bucks,2023,1,0.707,115.4,111.9,3.6,3.61,756,5.4,2.8,2.5,1.2,1.0,0.6,0.6,0.3,0.3,0.2
Minnesota Timberwolves,2023,8,0.512,113.7,113.8,0.0,-0.22,281,2.2,2.1,1.5,1.4,1.2,1.0,0.5,0.2,0.2,0.2
New Orleans Pelicans,2023,9,0.512,114.4,112.5,1.9,1.63,241,2.3,1.9,1.9,1.5,1.4,0.8,0.8,0.3,0.3,0
New York Knicks,2023,5,0.573,117.8,114.8,3.0,2.99,117,3.9,3.5,2.1,1.8,1.7,1.0,0.7,0.4,0.3,0.4
Oklahoma City Thunder,2023,10,0.488,115.2,114.2,1.1,0.96,55,5.6,1.9,1.3,1.3,1.0,0.8,0.3,0.3,0.1,0
Orlando Magic,2023,13,0.415,111.6,114.2,-2.6,-2.39,70,1.3,1.3,1.3,1.2,0.7,0.4,0.4,0.3,0.3,0
Philadelphia 76ers,2023,3,0.659,117.7,113.3,4.4,4.37,562,6.4,4.0,1.7,1.6,1.3,0.4,0.2,0.1,0.1,0.4
Phoenix Suns,2023,4,0.549,115.1,113.0,2.1,2.08,625,3.9,2.9,2.5,1.5,0.7,0.6,0.2,0.2,0.2,0.4
Portland Trail Blazers,2023,13,0.402,114.8,118.8,-4.1,-3.96,181,4.9,1.0,0.8,0.7,0.5,0.4,0.1,0.0,-0.2,0
Sacramento Kings,2023,3,0.585,119.4,116.8,2.6,2.3,185,5.4,2.7,1.7,1.0,0.8,0.7,0.3,0.3,0.1,0.2
San Antonio Spurs,2023,15,0.268,110.2,120.0,-9.8,-9.82,83,0.7,0.6,0.6,0.5,0.5,0.3,0.1,-0.1,-0.1,0
Toronto Raptors,2023,9,0.5,115.5,114.0,1.5,1.59,339,3.4,2.9,1.6,1.5,1.2,1.0,0.7,0.4,0.1,0
Utah Jazz,2023,12,0.451,115.8,116.7,-0.9,-1.03,148,3.3,2.1,1.2,0.6,0.3,0.2,0.2,0.1,0.1,0
Washington Wizards,2023,12,0.427,114.4,115.6,-1.2,-1.06,266,3.4,1.7,1.6,1.2,1.1,0.8,0.2,0.2,0.1,0
Atlanta Hawks,2024,10,0.439,117.2,119.4,-2.2,-2.38,301,2.6,2.2,1.5,1.4,1.0,0.5,0.1,0.1,0.0,0
Boston Celtics,2024,1,0.78,123.2,111.6,11.6,10.74,609,4.7,3.5,3.0,2.5,2.4,1.6,1.4,1.4,1.3,1
Brooklyn Nets,2024,11,0.39,113.2,116.1,-3.0,-3.02,264,1.7,1.2,1.0,0.5,0.4,0.4,0.3,0.3,0.2,0
Charlotte Hornets,2024,13,0.256,109.3,119.8,-10.5,-10.12,147,1.0,0.6,0.3,0.2,0.1,0.0,0.0,0.0,-0.1,0
Chicago Bulls,2024,9,0.476,114.9,116.3,-1.5,-1.76,249,2.8,2.3,1.4,0.9,0.7,0.7,0.5,0.2,0.0,0
Cleveland Cavaliers,2024,4,0.585,115.2,112.7,2.5,1.98,359,3.9,3.1,1.9,1.1,0.8,0.7,0.6,0.5,0.4,0.4
Dallas Mavericks,2024,5,0.61,117.6,115.4,2.2,2.3,303,8.0,3.6,2.1,0.8,0.4,0.4,0.2,0.2,0.2,0.8
Denver Nuggets,2024,2,0.695,118.5,113.0,5.4,5.23,456,10.6,2.9,1.9,1.3,0.4,0.1,0.1,0.0,0.0,0.4
Detroit Pistons,2024,15,0.171,109.7,118.8,-9.1,-9.06,123,1.2,0.9,0.4,0.2,0.0,0.0,0.0,0.0,-0.1,0
Golden State Warriors,2024,10,0.561,117.8,115.2,2.6,2.77,832,4.4,1.6,1.4,1.2,0.9,0.9,0.9,0.8,0.8,0
Houston Rockets,2024,11,0.5,114.5,113.4,1.1,1.24,322,3.6,3.5,1.3,1.0,1.0,0.5,0.4,0.4,0.2,0
Indiana Pacers,2024,6,0.573,121.0,118.0,3.0,2.75,182,5.0,2.7,1.6,1.5,1.5,1.2,0.8,0.7,0.2,0.6
Los Angeles Clippers,2024,4,0.622,118.8,115.4,3.4,3.41,907,4.4,3.8,3.3,1.3,1.0,0.6,0.2,0.2,0.1,0.2
Los Angeles Lakers,2024,8,0.573,115.9,115.3,0.6,1.07,542,5.4,4.9,1.8,1.6,0.5,0.1,0.0,0.0,0.0,0.2
Memphis Grizzlies,2024,13,0.329,107.2,114.3,-7.1,-6.57,304,1.7,1.3,0.7,0.5,0.5,0.4,0.4,0.4,0.3,0
Miami Heat,2024,8,0.561,114.0,112.2,1.8,1.1,659,3.4,2.7,1.8,1.3,1.0,0.6,0.5,0.5,0.5,0.2
Milwaukee Bucks,2024,3,0.598,118.4,115.8,2.6,2.44,692,7.2,2.7,1.8,1.2,0.6,0.3,0.2,0.2,0.1,0.2
Minnesota Timberwolves,2024,3,0.683,115.6,109.0,6.6,6.38,294,3.7,3.0,2.5,2.3,1.7,1.4,1.1,1.0,0.3,0.6
New Orleans Pelicans,2024,7,0.598,117.4,112.9,4.5,4.46,205,3.3,2.8,1.9,1.7,1.6,1.6,1.2,0.9,0.5,0.2
New York Knicks,2024,2,0.61,118.2,113.4,4.8,4.36,268,5.4,3.2,2.6,1.6,1.4,0.6,0.6,0.4,0.2,0.4
Oklahoma City Thunder,2024,1,0.695,119.5,112.1,7.4,7.36,134,7.1,3.3,2.4,1.8,1.0,0.9,0.8,0.7,0.3,0.4
Orlando Magic,2024,5,0.573,113.4,111.3,2.1,1.48,91,2.3,1.9,1.5,1.4,1.4,1.0,1.0,1.0,0.5,0.2
Philadelphia 76ers,2024,7,0.573,116.9,113.8,3.1,2.51,492,4.5,3.4,1.7,1.3,0.9,0.7,0.6,0.5,0.4,0.2
Phoenix Suns,2024,6,0.598,117.6,114.6,3.1,3.08,545,4.3,3.1,2.0,1.6,1.1,0.6,0.5,0.4,0.2,0.2
Portland Trail Blazers,2024,15,0.256,108.3,117.5,-9.2,-8.29,223,1.1,1.0,0.9,0.9,0.8,0.3,0.2,0.1,-0.1,0
Sacramento Kings,2024,9,0.561,116.9,115.2,1.7,2.29,255,6.2,3.2,1.2,0.8,0.8,0.5,0.3,0.2,0.1,0
San Antonio Spurs,2024,14,0.268,110.0,116.4,-6.4,-5.8,49,3.8,1.1,0.9,0.2,0.2,0.2,0.1,0.0,0.0,0
Toronto Raptors,2024,12,0.305,112.3,118.8,-6.4,-6.45,221,3.0,1.7,1.7,0.9,0.6,0.3,0.1,0.0,-0.1,0
Utah Jazz,2024,12,0.378,115.5,120.4,-4.9,-4.22,112,2.6,2.0,1.1,0.6,0.5,0.2,0.1,0.1,0.1,0
Washington Wizards,2024,14,0.183,110.5,119.6,-9.0,-9.29,157,1.3,0.6,0.5,0.4,0.0,0.0,0.0,0.0,-0.1,0
Atlanta Hawks,2025,8,0.488,114.6,115.7,-1.1,-1.41,308,2.3,1.7,1.7,1.2,0.8,0.4,0.4,0.3,0.2,
Boston Celtics,2025,2,0.744,120.6,111.1,9.4,8.28,672,4.8,3.6,3.2,2.1,1.8,1.3,1.3,1.1,1.1,
Brooklyn Nets,2025,12,0.317,108.5,115.8,-7.3,-6.95,137,2.3,1.1,0.7,0.5,0.5,-0.1,-0.1,-0.1,-0.2,
Charlotte Hornets,2025,14,0.232,107.3,116.6,-9.3,-9.1,260,2.0,2.0,1.6,0.4,0.4,0.4,0.1,0.1,0.0,
Chicago Bulls,2025,9,0.476,114.1,115.6,-1.5,-1.83,133,2.7,2.7,0.8,0.7,0.7,0.5,0.4,0.1,0.0,
Cleveland Cavaliers,2025,1,0.78,121.7,112.2,9.5,8.81,329,3.6,3.6,3.2,3.0,2.2,1.1,0.8,0.7,0.6,
Dallas Mavericks,2025,10,0.476,114.8,116.0,-1.2,-0.74,593,2.5,1.8,1.1,0.6,0.5,0.5,0.4,0.4,0.3,
Denver Nuggets,2025,4,0.61,119.9,116.0,3.9,3.97,552,9.8,1.7,1.6,1.2,1.2,0.5,0.2,0.1,0.1,
Detroit Pistons,2025,6,0.537,115.0,113.1,1.9,1.73,243,3.7,2.7,1.6,1.2,1.2,0.9,0.5,0.5,0.3,
Golden State Warriors,2025,7,0.585,115.0,111.7,3.3,3.56,582,4.8,1.7,1.3,1.2,0.8,0.8,0.7,0.5,0.5,
Houston Rockets,2025,2,0.634,115.3,110.8,4.6,4.96,272,3.9,3.4,2.0,1.7,1.5,0.6,0.5,0.5,0.4,
Indiana Pacers,2025,4,0.61,116.5,114.3,2.2,1.68,332,4.9,2.4,1.4,1.3,1.2,0.6,0.4,0.3,0.2,
Los Angeles Clippers,2025,5,0.61,115.1,110.3,4.7,4.84,741,4.4,3.4,1.8,1.5,1.2,1.0,0.8,0.4,0.2,
Los Angeles Lakers,2025,3,0.61,115.9,114.7,1.2,1.45,647,4.7,2.6,2.1,0.6,0.5,0.2,0.2,0.2,0.1,
Memphis Grizzlies,2025,8,0.585,117.7,113.0,4.7,4.79,125,2.9,2.4,2.2,1.7,1.7,1.2,1.1,0.9,0.7,
Miami Heat,2025,10,0.451,113.5,112.9,0.6,0.11,512,3.5,2.7,0.7,0.7,0.5,0.4,0.4,0.3,0.3,
Milwaukee Bucks,2025,5,0.585,115.9,113.4,2.5,2.12,437,6.6,3.2,1.8,0.7,0.6,0.3,0.2,0.1,0.0,
Minnesota Timberwolves,2025,6,0.598,116.6,111.5,5.1,5.15,394,4.6,2.4,2.0,1.8,1.6,1.4,1.4,0.8,0.3,
New Orleans Pelicans,2025,14,0.256,110.4,119.9,-9.5,-8.59,218,1.9,1.3,0.3,0.2,0.1,0.1,0.0,-0.1,-0.1,
New York Knicks,2025,3,0.622,118.5,114.3,4.2,3.59,498,3.6,3.5,3.1,1.9,1.2,0.8,0.5,0.4,0.1,
Oklahoma City Thunder,2025,1,0.829,120.3,107.5,12.8,12.7,178,8.9,3.4,2.1,1.6,1.5,1.4,1.4,1.2,1.2,
Orlando Magic,2025,7,0.5,109.4,109.6,-0.1,-0.7,241,2.6,2.2,1.6,0.9,0.7,0.7,0.6,0.3,0.3,
Philadelphia 76ers,2025,13,0.293,111.9,118.2,-6.4,-6.29,500,2.0,1.2,0.8,0.5,0.5,0.3,0.3,0.3,0.1,
Phoenix Suns,2025,11,0.439,116.2,119.3,-3.1,-2.55,529,3.0,1.7,1.1,1.0,0.7,0.5,0.5,0.4,0.3,
Portland Trail Blazers,2025,12,0.439,111.7,114.7,-3.0,-2.67,180,2.2,1.2,1.1,0.6,0.6,0.4,0.4,0.4,0.3,
Sacramento Kings,2025,9,0.488,116.7,116.2,0.5,0.58,336,4.4,1.9,1.8,1.3,1.0,0.8,0.6,0.4,0.2,
San Antonio Spurs,2025,13,0.415,114.4,117.2,-2.8,-2.45,284,3.3,1.6,1.3,1.2,0.7,0.4,0.4,0.3,0.2,
Toronto Raptors,2025,11,0.366,110.5,114.8,-4.3,-4.4,121,2.3,1.7,1.2,1.0,0.9,0.5,0.1,0.0,0.0,
Utah Jazz,2025,15,0.207,111.2,120.4,-9.3,-8.51,96,1.7,0.9,0.7,0.6,0.4,0.3,0.1,0.0,0.0,
Washington Wizards,2025,15,0.22,106.8,119.1,-12.3,-12.13,283,1.2,0.6,0.5,0.4,0.2,0.1,0.1,-0.1,-0.2,